{"data": [{"source": 114164, "target": 227971, "gen0-front": [[375726, 247, 617186, 458333], [542505, 144, 1.01821e+06, 538592], [397648, 240, 616965, 507280], [465094, 233, 928491, 406844], [375726, 247, 617186, 458333]], "gen0-norm-front": [[0, 1, 0.00055078, 0.390814], [1, 0, 1, 1], [0.131443, 0.932039, 0, 0.762334], [0.535848, 0.864078, 0.776391, 0], [0, 1, 0.00055078, 0.390814]], "gen0-raw-d-score": [1.01315e+06, 1.3339e+06, 1.00619e+06, 1.1769e+06, 855662], "gen0-norm-d-score": [1.46722, 1.73703, 1.32448, 1.27928, 1.07366], "gen0-sparsity": 3.05026e+10, "gen0-raw-winner": [465094, 233, 928491, 406844], "gen0-norm-winner": [0.535848, 0.864078, 0.776391, 0], "gen0-winner-naw-d-score": 1.1769e+06, "gen0-winner-norm-d-score": 1.27928, "gen0-time": 5762, "gen1-front": [[465094, 233, 928491, 406844], [397648, 240, 616965, 507280], [375726, 247, 617186, 458333], [542505, 144, 1.01821e+06, 538592], [375726, 247, 617186, 458333], [542505, 144, 1.01821e+06, 538592], [375726, 247, 617186, 458333]], "gen1-norm-front": [[0.535848, 0.864078, 0.776391, 0], [0.131443, 0.932039, 0, 0.762334], [0, 1, 0.00055078, 0.390814], [1, 0, 1, 1], [0, 1, 0.00055078, 0.390814], [1, 0, 1, 1], [0, 1, 0.00055078, 0.390814]], "gen1-raw-d-score": [1.33518e+06, 1.14813e+06, 1.43639e+06, 1.46398e+06, 1.43639e+06, 1.46398e+06, 855662], "gen1-norm-d-score": [1.58824, 1.57071, 1.77559, 2, 1.77559, 2, 1.07366], "gen1-sparsity": 2.03351e+10, "gen1-raw-winner": [397648, 240, 616965, 507280], "gen1-norm-winner": [0.131443, 0.932039, 0, 0.762334], "gen1-winner-raw-d-score": 1.14813e+06, "gen1-winner-norm-d-score": 1.57071, "gen1-time": 5574, "gen2-front": [[397648, 240, 616965, 507280], [465094, 233, 928491, 406844], [375726, 247, 617186, 458333], [542505, 144, 1.01821e+06, 538592], [375726, 247, 617186, 458333], [542505, 144, 1.01821e+06, 538592], [375726, 247, 617186, 458333]], "gen2-norm-front": [[0.131443, 0.932039, 0, 0.762334], [0.535848, 0.864078, 0.776391, 0], [0, 1, 0.00055078, 0.390814], [1, 0, 1, 1], [0, 1, 0.00055078, 0.390814], [1, 0, 1, 1], [0, 1, 0.00055078, 0.390814]], "gen2-raw-d-score": [1.36913e+06, 1.32892e+06, 1.43639e+06, 1.46398e+06, 1.43639e+06, 1.46398e+06, 855662], "gen2-norm-d-score": [1.76172, 1.62374, 1.77559, 2, 1.77559, 2, 1.07366], "gen2-sparsity": 2.03351e+10, "gen2-raw-winner": [465094, 233, 928491, 406844], "gen2-norm-winner": [0.535848, 0.864078, 0.776391, 0], "gen2-winner-raw-d-score": 1.32892e+06, "gen2-winner-norm-d-score": 1.62374, "gen2-time": 6501, "gen3-front": [[465094, 233, 928491, 406844], [397648, 240, 616965, 507280], [375726, 247, 617186, 458333], [542505, 144, 1.01821e+06, 538592], [375726, 247, 617186, 458333], [542505, 144, 1.01821e+06, 538592], [375726, 247, 617186, 458333]], "gen3-norm-front": [[0.535848, 0.864078, 0.776391, 0], [0.131443, 0.932039, 0, 0.762334], [0, 1, 0.00055078, 0.390814], [1, 0, 1, 1], [0, 1, 0.00055078, 0.390814], [1, 0, 1, 1], [0, 1, 0.00055078, 0.390814]], "gen3-raw-d-score": [1.33518e+06, 1.14813e+06, 1.43639e+06, 1.46398e+06, 1.43639e+06, 1.46398e+06, 855662], "gen3-norm-d-score": [1.58824, 1.57071, 1.77559, 2, 1.77559, 2, 1.07366], "gen3-sparsity": 2.03351e+10, "gen3-raw-winner": [397648, 240, 616965, 507280], "gen3-norm-winner": [0.131443, 0.932039, 0, 0.762334], "gen3-winner-raw-d-score": 1.14813e+06, "gen3-winner-norm-d-score": 1.57071, "gen3-time": 6006, "gen4-front": [[397648, 240, 616965, 507280], [465094, 233, 928491, 406844], [375726, 247, 617186, 458333], [542505, 144, 1.01821e+06, 538592], [375726, 247, 617186, 458333], [542505, 144, 1.01821e+06, 538592], [375726, 247, 617186, 458333]], "gen4-norm-front": [[0.131443, 0.932039, 0, 0.762334], [0.535848, 0.864078, 0.776391, 0], [0, 1, 0.00055078, 0.390814], [1, 0, 1, 1], [0, 1, 0.00055078, 0.390814], [1, 0, 1, 1], [0, 1, 0.00055078, 0.390814]], "gen4-raw-d-score": [1.36913e+06, 1.32892e+06, 1.43639e+06, 1.46398e+06, 1.43639e+06, 1.46398e+06, 855662], "gen4-norm-d-score": [1.76172, 1.62374, 1.77559, 2, 1.77559, 2, 1.07366], "gen4-sparsity": 2.03351e+10, "gen4-raw-winner": [465094, 233, 928491, 406844], "gen4-norm-winner": [0.535848, 0.864078, 0.776391, 0], "gen4-winner-raw-d-score": 1.32892e+06, "gen4-winner-norm-d-score": 1.62374, "gen4-time": 6270, "gen5-front": [[465094, 233, 928491, 406844], [397648, 240, 616965, 507280], [375726, 247, 617186, 458333], [542505, 144, 1.01821e+06, 538592], [375726, 247, 617186, 458333], [542505, 144, 1.01821e+06, 538592], [375726, 247, 617186, 458333]], "gen5-norm-front": [[0.535848, 0.864078, 0.776391, 0], [0.131443, 0.932039, 0, 0.762334], [0, 1, 0.00055078, 0.390814], [1, 0, 1, 1], [0, 1, 0.00055078, 0.390814], [1, 0, 1, 1], [0, 1, 0.00055078, 0.390814]], "gen5-raw-d-score": [1.11532e+06, 892246, 855662, 1.27324e+06, 855662, 1.27324e+06, 855662], "gen5-norm-d-score": [1.27928, 1.21125, 1.07366, 1.73205, 1.07366, 1.73205, 1.07366], "gen5-sparsity": 2.03351e+10, "gen5-raw-winner": [397648, 240, 616965, 507280], "gen5-norm-winner": [0.131443, 0.932039, 0, 0.762334], "gen5-winner-raw-d-score": 892246, "gen5-winner-norm-d-score": 1.21125, "gen5-time": 6048}], "T": 5, "K": 20, "voting_method": "range"}