{"data": [{"source": 303927, "target": 170151, "gen0-front": [[2.06223e+06, 185, 3.5221e+06, 2.36815e+06], [4.10518e+06, 113, 8.17819e+06, 3.49853e+06], [2.06223e+06, 185, 3.5221e+06, 2.36815e+06], [2.25255e+06, 183, 4.10791e+06, 2.33102e+06], [2.06223e+06, 185, 3.5221e+06, 2.36815e+06], [2.06293e+06, 185, 3.52485e+06, 2.36721e+06]], "gen0-norm-front": [[0, 1, 0, 0.0318001], [1, 0, 1, 1], [0, 1, 0, 0.0318001], [0.0931614, 0.972222, 0.125815, 0], [0, 1, 0, 0.0318001], [0.000344138, 1, 0.000590195, 0.030995]], "gen0-raw-d-score": [6.25449e+06, 1.00114e+07, 5.22878e+06, 5.62453e+06, 5.14993e+06, 4.72059e+06], "gen0-norm-d-score": [1.41457, 2, 1.39818, 1.40347, 1.41457, 1.00048], "gen0-sparsity": 4.33088e+12, "gen0-raw-winner": [2.25255e+06, 183, 4.10791e+06, 2.33102e+06], "gen0-norm-winner": [0.0931614, 0.972222, 0.125815, 0], "gen0-winner-naw-d-score": 5.62453e+06, "gen0-winner-norm-d-score": 1.40347, "gen0-time": 5631, "gen1-front": [[2.25255e+06, 183, 4.10791e+06, 2.33102e+06], [2.06293e+06, 185, 3.52485e+06, 2.36721e+06], [2.06223e+06, 185, 3.5221e+06, 2.36815e+06], [4.10518e+06, 113, 8.17819e+06, 3.49853e+06], [2.06223e+06, 185, 3.5221e+06, 2.36815e+06], [4.10518e+06, 113, 8.17819e+06, 3.49853e+06], [2.06223e+06, 185, 3.5221e+06, 2.36815e+06]], "gen1-norm-front": [[0.0931614, 0.972222, 0.125815, 0], [0.000344138, 1, 0.000590195, 0.030995], [0, 1, 0, 0.0318001], [1, 0, 1, 1], [0, 1, 0, 0.0318001], [1, 0, 1, 1], [0, 1, 0, 0.0318001]], "gen1-raw-d-score": [5.23284e+06, 4.72059e+06, 4.7187e+06, 9.79668e+06, 4.7187e+06, 9.79668e+06, 4.7187e+06], "gen1-norm-d-score": [0.984746, 1.00048, 1.00051, 1.73205, 1.00051, 1.73205, 1.00051], "gen1-sparsity": 3.60907e+12, "gen1-raw-winner": [2.25255e+06, 183, 4.10791e+06, 2.33102e+06], "gen1-norm-winner": [0.0931614, 0.972222, 0.125815, 0], "gen1-winner-raw-d-score": 5.23284e+06, "gen1-winner-norm-d-score": 0.984746, "gen1-time": 5465, "gen2-front": [[2.25255e+06, 183, 4.10791e+06, 2.33102e+06], [2.06293e+06, 185, 3.52485e+06, 2.36721e+06], [2.06223e+06, 185, 3.5221e+06, 2.36815e+06], [4.10518e+06, 113, 8.17819e+06, 3.49853e+06], [2.06223e+06, 185, 3.5221e+06, 2.36815e+06], [4.10518e+06, 113, 8.17819e+06, 3.49853e+06], [2.06223e+06, 185, 3.5221e+06, 2.36815e+06]], "gen2-norm-front": [[0.0931614, 0.972222, 0.125815, 0], [0.000344138, 1, 0.000590195, 0.030995], [0, 1, 0, 0.0318001], [1, 0, 1, 1], [0, 1, 0, 0.0318001], [1, 0, 1, 1], [0, 1, 0, 0.0318001]], "gen2-raw-d-score": [6.63798e+06, 6.24035e+06, 1.02957e+07, 1.06129e+07, 1.02957e+07, 1.06129e+07, 4.7187e+06], "gen2-norm-d-score": [1.40347, 1.41455, 1.73234, 2, 1.73234, 2, 1.00051], "gen2-sparsity": 3.60907e+12, "gen2-raw-winner": [2.25255e+06, 183, 4.10791e+06, 2.33102e+06], "gen2-norm-winner": [0.0931614, 0.972222, 0.125815, 0], "gen2-winner-raw-d-score": 6.63798e+06, "gen2-winner-norm-d-score": 1.40347, "gen2-time": 5361, "gen3-front": [[2.25255e+06, 183, 4.10791e+06, 2.33102e+06], [2.06223e+06, 185, 3.5221e+06, 2.36815e+06], [2.06293e+06, 185, 3.52485e+06, 2.36721e+06], [2.06223e+06, 185, 3.5221e+06, 2.36815e+06], [4.10518e+06, 113, 8.17819e+06, 3.49853e+06], [2.06223e+06, 185, 3.5221e+06, 2.36815e+06], [4.10518e+06, 113, 8.17819e+06, 3.49853e+06], [2.06223e+06, 185, 3.5221e+06, 2.36815e+06]], "gen3-norm-front": [[0.0931614, 0.972222, 0.125815, 0], [0, 1, 0, 0.0318001], [0.000344138, 1, 0.000590195, 0.030995], [0, 1, 0, 0.0318001], [1, 0, 1, 1], [0, 1, 0, 0.0318001], [1, 0, 1, 1], [0, 1, 0, 0.0318001]], "gen3-raw-d-score": [7.04618e+06, 6.67458e+06, 6.67458e+06, 1.08739e+07, 1.08739e+07, 1.08739e+07, 1.08739e+07, 4.7187e+06], "gen3-norm-d-score": [1.40383, 1.41491, 1.41491, 2.00025, 2.00025, 2.00025, 2.00025, 1.00051], "gen3-sparsity": 3.09349e+12, "gen3-raw-winner": [2.25255e+06, 183, 4.10791e+06, 2.33102e+06], "gen3-norm-winner": [0.0931614, 0.972222, 0.125815, 0], "gen3-winner-raw-d-score": 7.04618e+06, "gen3-winner-norm-d-score": 1.40383, "gen3-time": 5818, "gen4-front": [[2.25255e+06, 183, 4.10791e+06, 2.33102e+06], [2.06223e+06, 185, 3.5221e+06, 2.36815e+06], [2.06293e+06, 185, 3.52485e+06, 2.36721e+06], [2.06223e+06, 185, 3.5221e+06, 2.36815e+06], [4.10518e+06, 113, 8.17819e+06, 3.49853e+06], [2.06223e+06, 185, 3.5221e+06, 2.36815e+06], [4.10518e+06, 113, 8.17819e+06, 3.49853e+06], [2.06223e+06, 185, 3.5221e+06, 2.36815e+06]], "gen4-norm-front": [[0.0931614, 0.972222, 0.125815, 0], [0, 1, 0, 0.0318001], [0.000344138, 1, 0.000590195, 0.030995], [0, 1, 0, 0.0318001], [1, 0, 1, 1], [0, 1, 0, 0.0318001], [1, 0, 1, 1], [0, 1, 0, 0.0318001]], "gen4-raw-d-score": [5.23284e+06, 4.7187e+06, 4.72059e+06, 4.7187e+06, 9.79668e+06, 4.7187e+06, 9.79668e+06, 4.7187e+06], "gen4-norm-d-score": [0.984746, 1.00051, 1.00048, 1.00051, 1.73205, 1.00051, 1.73205, 1.00051], "gen4-sparsity": 3.09349e+12, "gen4-raw-winner": [2.25255e+06, 183, 4.10791e+06, 2.33102e+06], "gen4-norm-winner": [0.0931614, 0.972222, 0.125815, 0], "gen4-winner-raw-d-score": 5.23284e+06, "gen4-winner-norm-d-score": 0.984746, "gen4-time": 5696, "gen5-front": [[2.25255e+06, 183, 4.10791e+06, 2.33102e+06], [2.06293e+06, 185, 3.52485e+06, 2.36721e+06], [2.06223e+06, 185, 3.5221e+06, 2.36815e+06], [4.10518e+06, 113, 8.17819e+06, 3.49853e+06], [2.06223e+06, 185, 3.5221e+06, 2.36815e+06], [4.10518e+06, 113, 8.17819e+06, 3.49853e+06], [2.06223e+06, 185, 3.5221e+06, 2.36815e+06]], "gen5-norm-front": [[0.0931614, 0.972222, 0.125815, 0], [0.000344138, 1, 0.000590195, 0.030995], [0, 1, 0, 0.0318001], [1, 0, 1, 1], [0, 1, 0, 0.0318001], [1, 0, 1, 1], [0, 1, 0, 0.0318001]], "gen5-raw-d-score": [6.63798e+06, 6.24035e+06, 1.02957e+07, 1.06129e+07, 1.02957e+07, 1.06129e+07, 4.7187e+06], "gen5-norm-d-score": [1.40347, 1.41455, 1.73234, 2, 1.73234, 2, 1.00051], "gen5-sparsity": 3.60907e+12, "gen5-raw-winner": [2.25255e+06, 183, 4.10791e+06, 2.33102e+06], "gen5-norm-winner": [0.0931614, 0.972222, 0.125815, 0], "gen5-winner-raw-d-score": 6.63798e+06, "gen5-winner-norm-d-score": 1.40347, "gen5-time": 5319}], "T": 5, "K": 20, "voting_method": "range"}