{"data": [{"source": 113, "target": 227, "map-id": dao-map/den001d.map, "gen0-front": [[18, 18.414, 177, 35.5, 64.5], [18, 21.726, 84, 35.5, 74], [18, 20.07, 180, 27, 65.5], [18, 18.414, 177, 35.5, 64.5], [18, 21.726, 84, 35.5, 74], [19, 22.312, 82, 37, 77.5], [18, 21.726, 84, 35.5, 74], [18, 22.554, 93, 27, 76], [18, 21.726, 84, 35.5, 74], [18, 22.554, 93, 27, 76]], "gen0-norm-front": [[0, 0, 0.969388, 0.85, 0], [0, 0.8, 0.0204082, 0.85, 0.730769], [0, 0.4, 1, 0, 0.0769231], [0, 0, 0.969388, 0.85, 0], [0, 0.8, 0.0204082, 0.85, 0.730769], [1, 0.941546, 0, 1, 1], [0, 0.8, 0.0204082, 0.85, 0.730769], [0, 1, 0.112245, 0, 0.884615], [0, 0.8, 0.0204082, 0.85, 0.730769], [0, 1, 0.112245, 0, 0.884615]], "gen0-raw-d-score": [193.423, 120.782, 195.31, 193.423, 120.782, 122.303, 120.782, 126.438, 120.782, 126.438], "gen0-norm-d-score": [1.28927, 1.37729, 1.07978, 1.28927, 1.37729, 1.97142, 1.37729, 1.33983, 1.37729, 1.33983], "gen0-sparsity": 812.321, "gen0-raw-winner": [18, 18.414, 177, 35.5, 64.5], "gen0-norm-winner": [0, 0, 0.969388, 0.85, 0], "gen0-winner-naw-d-score": 193.423, "gen0-winner-norm-d-score": 1.28927, "gen0-time": 120, "gen1-front": [[18, 18.414, 177, 35.5, 64.5], [18, 21.726, 84, 35.5, 74], [18, 20.07, 180, 27, 65.5], [18, 22.554, 93, 27, 76], [19, 22.312, 82, 37, 77.5], [18, 18.414, 177, 35.5, 64.5], [19, 22.312, 82, 37, 77.5], [18, 19.242, 182, 27, 65], [19, 23.968, 88, 28.5, 81], [19, 22.312, 82, 37, 77.5], [18, 21.726, 84, 35.5, 74], [18, 20.898, 146, 27, 66], [19, 22.312, 82, 37, 77.5], [18, 22.554, 93, 27, 76], [18, 21.726, 84, 35.5, 74], [18, 22.554, 98, 27, 74.5]], "gen1-norm-front": [[0, 0, 0.95, 0.85, 0], [0, 0.596327, 0.02, 0.85, 0.575758], [0, 0.298163, 0.98, 0, 0.0606061], [0, 0.745409, 0.11, 0, 0.69697], [1, 0.701837, 0, 1, 0.787879], [0, 0, 0.95, 0.85, 0], [1, 0.701837, 0, 1, 0.787879], [0, 0.149082, 1, 0, 0.030303], [1, 1, 0.06, 0.15, 1], [1, 0.701837, 0, 1, 0.787879], [0, 0.596327, 0.02, 0.85, 0.575758], [0, 0.447245, 0.64, 0, 0.0909091], [1, 0.701837, 0, 1, 0.787879], [0, 0.745409, 0.11, 0, 0.69697], [0, 0.596327, 0.02, 0.85, 0.575758], [0, 0.745409, 0.16, 0, 0.606061]], "gen1-raw-d-score": [193.43, 120.782, 195.315, 126.438, 219.569, 228.037, 122.303, 218.458, 126.709, 171.891, 120.782, 164.816, 122.31, 126.455, 120.782, 129.29], "gen1-norm-d-score": [1.27475, 1.18744, 182.36, 1.0264, 1.76446, 1.27475, 1.76446, 1.01151, 2.15664, 1.76446, 1.85259, 1.58582, 1.76446, 101.053, 94.6215, 0.973932], "gen1-sparsity": 232.626, "gen1-raw-winner": [18, 22.554, 98, 27, 74.5], "gen1-norm-winner": [0, 0.745409, 0.16, 0, 0.606061], "gen1-winner-raw-d-score": 129.29, "gen1-winner-norm-d-score": 0.973932, "gen1-time": 231, "gen2-front": [[18, 22.554, 98, 27, 74.5], [18, 22.554, 93, 27, 76], [18, 21.726, 84, 35.5, 74], [18, 18.414, 177, 35.5, 64.5], [18, 20.898, 146, 27, 66], [18, 21.726, 84, 35.5, 74], [18, 22.554, 93, 27, 76], [18, 20.07, 180, 27, 65.5], [18, 19.242, 182, 27, 65], [19, 22.312, 82, 37, 77.5], [19, 23.968, 88, 28.5, 81], [18, 21.726, 84, 35.5, 74], [18, 18.414, 177, 35.5, 64.5], [18, 22.554, 93, 27, 76], [18, 21.726, 84, 35.5, 74], [18, 19.242, 182, 27, 65], [19, 22.312, 82, 37, 77.5], [20, 24.554, 86, 30, 84.5], [18, 21.726, 84, 35.5, 74]], "gen2-norm-front": [[0, 0.674267, 0.16, 0, 0.5], [0, 0.674267, 0.11, 0, 0.575], [0, 0.539414, 0.02, 0.85, 0.475], [0, 0, 0.95, 0.85, 0], [0, 0.40456, 0.64, 0, 0.075], [0, 0.539414, 0.02, 0.85, 0.475], [0, 0.674267, 0.11, 0, 0.575], [0, 0.269707, 0.98, 0, 0.05], [0, 0.134853, 1, 0, 0.025], [0.5, 0.634853, 0, 1, 0.65], [0.5, 0.90456, 0.06, 0.15, 0.825], [0, 0.539414, 0.02, 0.85, 0.475], [0, 0, 0.95, 0.85, 0], [0, 0.674267, 0.11, 0, 0.575], [0, 0.539414, 0.02, 0.85, 0.475], [0, 0.134853, 1, 0, 0.025], [0.5, 0.634853, 0, 1, 0.65], [1, 1, 0.04, 0.3, 1], [0, 0.539414, 0.02, 0.85, 0.475]], "gen2-raw-d-score": [129.295, 127.716, 170.811, 193.426, 165.788, 120.782, 126.438, 277.342, 231.798, 122.303, 126.699, 170.811, 193.423, 234.006, 170.811, 196.91, 122.316, 128.215, 122.116], "gen2-norm-d-score": [0.854539, 0.892951, 1.11332, 1.27475, 0.760851, 129.295, 126.702, 1.01766, 1.264, 1.44067, 1.33227, 1.11332, 1.69248, 0.892951, 1.11332, 1.00936, 197.827, 1.75829, 18.0687], "gen2-sparsity": 193.249, "gen2-raw-winner": [18, 20.898, 146, 27, 66], "gen2-norm-winner": [0, 0.40456, 0.64, 0, 0.075], "gen2-winner-raw-d-score": 165.788, "gen2-winner-norm-d-score": 0.760851, "gen2-time": 342, "gen3-front": [[18, 20.898, 146, 27, 66], [18, 22.554, 98, 27, 74.5], [18, 22.554, 93, 27, 76], [18, 20.07, 180, 27, 65.5], [18, 21.726, 84, 35.5, 74], [18, 18.414, 177, 35.5, 64.5], [19, 23.968, 88, 28.5, 81], [18, 18.414, 177, 35.5, 64.5], [18, 21.726, 84, 35.5, 74], [18, 22.554, 93, 27, 76], [18, 21.726, 84, 35.5, 74], [18, 19.242, 182, 27, 65], [19, 22.312, 82, 37, 77.5], [20, 24.554, 86, 30, 84.5], [18, 22.554, 98, 27, 74.5], [18, 21.726, 84, 35.5, 74], [18, 19.242, 182, 27, 65], [18, 21.726, 84, 35.5, 74], [18, 18.414, 177, 35.5, 64.5], [18, 21.726, 84, 35.5, 74], [18, 18.414, 177, 35.5, 64.5], [18, 21.726, 84, 35.5, 74], [18, 19.242, 182, 27, 65], [19, 22.312, 82, 37, 77.5], [20, 24.554, 86, 30, 84.5], [18, 21.726, 84, 35.5, 74]], "gen3-norm-front": [[0, 0.40456, 0.64, 0, 0.075], [0, 0.674267, 0.16, 0, 0.5], [0, 0.674267, 0.11, 0, 0.575], [0, 0.269707, 0.98, 0, 0.05], [0, 0.539414, 0.02, 0.85, 0.475], [0, 0, 0.95, 0.85, 0], [0.5, 0.90456, 0.06, 0.15, 0.825], [0, 0, 0.95, 0.85, 0], [0, 0.539414, 0.02, 0.85, 0.475], [0, 0.674267, 0.11, 0, 0.575], [0, 0.539414, 0.02, 0.85, 0.475], [0, 0.134853, 1, 0, 0.025], [0.5, 0.634853, 0, 1, 0.65], [1, 1, 0.04, 0.3, 1], [0, 0.674267, 0.16, 0, 0.5], [0, 0.539414, 0.02, 0.85, 0.475], [0, 0.134853, 1, 0, 0.025], [0, 0.539414, 0.02, 0.85, 0.475], [0, 0, 0.95, 0.85, 0], [0, 0.539414, 0.02, 0.85, 0.475], [0, 0, 0.95, 0.85, 0], [0, 0.539414, 0.02, 0.85, 0.475], [0, 0.134853, 1, 0, 0.025], [0.5, 0.634853, 0, 1, 0.65], [1, 1, 0.04, 0.3, 1], [0, 0.539414, 0.02, 0.85, 0.475]], "gen3-raw-d-score": [167.213, 235.56, 207.732, 197.43, 120.799, 193.431, 213.539, 262.317, 120.795, 126.45, 172.838, 276.021, 122.31, 176.157, 179.268, 174.857, 196.908, 229.64, 229.49, 120.782, 276.019, 232.434, 196.907, 228.853, 177.196, 120.794], "gen3-norm-d-score": [0.760851, 0.854539, 0.892951, 120.786, 276.024, 120.8, 1.33227, 1.27475, 2.10727, 1.97755, 195.478, 120.793, 1.44067, 2.27313, 1.32252, 174.86, 122.307, 120.796, 1.27475, 126.445, 129.296, 1.69248, 1.00936, 1.44067, 11.5689, 1.74202], "gen3-sparsity": 139.139, "gen3-raw-winner": [18, 20.898, 146, 27, 66], "gen3-norm-winner": [0, 0.40456, 0.64, 0, 0.075], "gen3-winner-raw-d-score": 167.213, "gen3-winner-norm-d-score": 0.760851, "gen3-time": 453, "gen4-front": [[18, 20.898, 146, 27, 66], [18, 22.554, 98, 27, 74.5], [18, 22.554, 93, 27, 76], [18, 18.414, 177, 35.5, 64.5], [18, 22.554, 98, 27, 74.5], [19, 23.968, 88, 28.5, 81], [18, 21.726, 84, 35.5, 74], [18, 22.554, 93, 27, 76], [18, 21.726, 84, 35.5, 74], [18, 20.07, 180, 27, 65.5], [18, 21.726, 84, 35.5, 74], [18, 18.414, 177, 35.5, 64.5], [18, 21.726, 84, 35.5, 74], [18, 18.414, 177, 35.5, 64.5], [18, 21.726, 84, 35.5, 74], [18, 19.242, 182, 27, 65], [18, 22.554, 98, 27, 74.5], [18, 21.726, 84, 35.5, 74], [18, 18.414, 177, 35.5, 64.5], [18, 21.726, 84, 35.5, 74], [18, 19.242, 182, 27, 65], [18, 21.726, 84, 35.5, 74], [18, 18.414, 177, 35.5, 64.5], [18, 21.726, 84, 35.5, 74], [18, 18.414, 177, 35.5, 64.5], [18, 21.726, 84, 35.5, 74], [18, 19.242, 182, 27, 65]],