{"data": [{"source": 232180, "target": 910685, "gen0-front": [[3.8371e+06, 1516, 5.5383e+06, 5.52058e+06], [5.47618e+06, 1476, 9.11563e+06, 6.65771e+06], [3.84379e+06, 1523, 5.53381e+06, 5.51881e+06], [4.0209e+06, 1665, 6.07485e+06, 5.51624e+06], [3.83751e+06, 1522, 5.53582e+06, 5.51964e+06], [3.84379e+06, 1523, 5.53381e+06, 5.51881e+06], [3.83751e+06, 1522, 5.53582e+06, 5.51964e+06], [3.8387e+06, 1522, 5.53503e+06, 5.51945e+06], [3.83751e+06, 1522, 5.53582e+06, 5.51964e+06], [3.84211e+06, 1519, 5.53387e+06, 5.51887e+06], [3.83751e+06, 1522, 5.53582e+06, 5.51964e+06]], "gen0-norm-front": [[0, 0.21164, 0.00125439, 0.00380474], [1, 0, 1, 1], [0.00407866, 0.248677, 0, 0.00224885], [0.112134, 1, 0.151053, 0], [0.000249854, 0.243386, 0.000560888, 0.00298124], [0.00407866, 0.248677, 0, 0.00224885], [0.000249854, 0.243386, 0.000560888, 0.00298124], [0.000975481, 0.243386, 0.000340051, 0.00281041], [0.000249854, 0.243386, 0.000560888, 0.00298124], [0.00305475, 0.227513, 1.73096e-05, 0.00230317], [0.000249854, 0.243386, 0.000560888, 0.00298124]], "gen0-raw-d-score": [1.23178e+07, 1.25462e+07, 8.70948e+06, 9.13785e+06, 8.70852e+06, 8.70948e+06, 8.70852e+06, 8.70841e+06, 8.70852e+06, 8.70882e+06, 8.70852e+06], "gen0-norm-d-score": [1.76257, 2.02417, 1.0754, 1.0754, 0.424671, 0.424672, 0.421579, 0.41263, 0.412626, 0.333201, 0.243405], "gen0-sparsity": 1.29765e+12, "gen0-raw-winner": [3.83751e+06, 1522, 5.53582e+06, 5.51964e+06], "gen0-norm-winner": [0.000249854, 0.243386, 0.000560888, 0.00298124], "gen0-winner-naw-d-score": 8.70852e+06, "gen0-winner-norm-d-score": 0.243405, "gen0-time": 64786, "gen1-front": [[3.83751e+06, 1522, 5.53582e+06, 5.51964e+06], [3.84211e+06, 1519, 5.53387e+06, 5.51887e+06], [3.83751e+06, 1522, 5.53582e+06, 5.51964e+06], [3.8387e+06, 1522, 5.53503e+06, 5.51945e+06], [3.83751e+06, 1522, 5.53582e+06, 5.51964e+06], [3.84379e+06, 1523, 5.53381e+06, 5.51881e+06], [3.8371e+06, 1516, 5.5383e+06, 5.52058e+06], [4.0209e+06, 1665, 6.07485e+06, 5.51624e+06], [5.47618e+06, 1476, 9.11563e+06, 6.65771e+06], [3.83751e+06, 1522, 5.53582e+06, 5.51964e+06], [5.47618e+06, 1476, 9.11563e+06, 6.65771e+06], [3.84379e+06, 1523, 5.53381e+06, 5.51881e+06], [3.84211e+06, 1519, 5.53387e+06, 5.51887e+06], [3.83751e+06, 1522, 5.53582e+06, 5.51964e+06], [3.84211e+06, 1519, 5.53387e+06, 5.51887e+06]], "gen1-norm-front": [[0.000249854, 0.243386, 0.000560888, 0.00298124], [0.00305475, 0.227513, 1.73096e-05, 0.00230317], [0.000249854, 0.243386, 0.000560888, 0.00298124], [0.000975481, 0.243386, 0.000340051, 0.00281041], [0.000249854, 0.243386, 0.000560888, 0.00298124], [0.00407866, 0.248677, 0, 0.00224885], [0, 0.21164, 0.00125439, 0.00380474], [0.112134, 1, 0.151053, 0], [1, 0, 1, 1], [0.000249854, 0.243386, 0.000560888, 0.00298124], [1, 0, 1, 1], [0.00407866, 0.248677, 0, 0.00224885], [0.00305475, 0.227513, 1.73096e-05, 0.00230317], [0.000249854, 0.243386, 0.000560888, 0.00298124], [0.00305475, 0.227513, 1.73096e-05, 0.00230317]], "gen1-raw-d-score": [1.23178e+07, 1.25462e+07, 8.70948e+06, 9.13785e+06, 8.70852e+06, 8.70948e+06, 8.70852e+06, 8.70841e+06, 8.70852e+06, 8.70882e+06, 8.70852e+06], "gen1-norm-d-score": [0.479069, 0.479068, 0.489485, 0.474497, 1.09604, 1.77259, 2.03456, 2.46873, 2.47409, 1.78126, 1.78126, 0.47398, 0.403485, 0.333201, 0.227545], "gen1-sparsity": 9.26892e+11, "gen1-raw-winner": [3.84211e+06, 1519, 5.53387e+06, 5.51887e+06], "gen1-norm-winner": [0.00305475, 0.227513, 1.73096e-05, 0.00230317], "gen1-winner-raw-d-score": 0, "gen1-winner-norm-d-score": 0.227545, "gen1-time": 60786, "gen2-front": [[3.84211e+06, 1519, 5.53387e+06, 5.51887e+06], [3.83751e+06, 1522, 5.53582e+06, 5.51964e+06], [3.84211e+06, 1519, 5.53387e+06, 5.51887e+06], [3.84379e+06, 1523, 5.53381e+06, 5.51881e+06], [3.8387e+06, 1522, 5.53503e+06, 5.51945e+06], [3.84211e+06, 1519, 5.53387e+06, 5.51887e+06], [3.83751e+06, 1522, 5.53582e+06, 5.51964e+06], [3.84379e+06, 1523, 5.53381e+06, 5.51881e+06], [3.83751e+06, 1522, 5.53582e+06, 5.51964e+06], [3.8371e+06, 1516, 5.5383e+06, 5.52058e+06], [4.0209e+06, 1665, 6.07485e+06, 5.51624e+06], [5.47618e+06, 1476,