{"map": "BAY", "merge strategy": "MORE_SLACK", "eps": 0.01, "data": [{"source": 200128, "target": 37658, "front":[[873871, 1.16984e+06, 1272, 718968], [875901, 1.15869e+06, 1293, 715933], [872256, 1.2279e+06, 1383, 740733], [872735, 1.24823e+06, 1374, 746787], [872339, 1.25773e+06, 1326, 749286], [873819, 1.24922e+06, 1341, 747597], [873157, 1.29311e+06, 1347, 763453], [873736, 1.21938e+06, 1398, 739043], [873742, 1.23906e+06, 1380, 744984], [881696, 1.15694e+06, 1260, 719119], [885258, 1.11825e+06, 1239, 706165], [885257, 1.1377e+06, 1230, 710751], [886646, 1.08924e+06, 1233, 696523], [890751, 1.08506e+06, 1224, 695623], [892231, 1.07654e+06, 1239, 693933], [894291, 1.10408e+06, 1221, 703733], [896375, 1.21192e+06, 1212, 743699], [897710, 1.11263e+06, 1218, 706986], [899618, 1.20559e+06, 1206, 741406], [900168, 1.20295e+06, 1212, 740061], [903218, 1.05691e+06, 1287, 691641], [903037, 1.21414e+06, 1203, 744659], [904375, 1.12738e+06, 1212, 718123], [904698, 1.0484e+06, 1302, 689951], [908777, 1.14856e+06, 1206, 727626], [906934, 1.25311e+06, 1194, 760044], [912196, 1.15711e+06, 1203, 730880], [913242, 1.24790e+06, 1194, 763905], [913792, 1.24527e+06, 1200, 762560], [916661, 1.25645e+06, 1191, 767159], [920558, 1.29543e+06, 1182, 782543], [922726, 1.2076e+06, 1191, 755105], [924776, 1.41371e+06, 1098, 829369], [924100, 1.4079e+06, 1116, 826520], [925326, 1.41107e+06, 1104, 828024], [926161, 1.40223e+06, 1122, 827520], [922903, 1.50695e+06, 1107, 861860], [924409, 1.40867e+06, 1110, 827714], [921423, 1.51546e+06, 1092, 863550], [928195, 1.42226e+06, 1095, 832622], [923453, 1.50431e+06, 1113, 860515], [924650, 1.40526e+06, 1122, 825175], [925889, 1.40016e+06, 1125, 826024], [921736, 1.50811e+06, 1110, 860571], [926130, 1.39675e+06, 1137, 823485], [923276, 1.20496e+06, 1197, 753760], [923588, 1.20975e+06, 1188, 756635], [923654, 1.41304e+06, 1140, 827775], [927749, 1.39472e+06, 1152, 822237], [930385, 1.39115e+06, 1116, 824144], [929189, 1.48935e+06, 1086, 857434], [930752, 1.39619e+06, 1104, 825799], [930935, 1.38851e+06, 1122, 822799], [927007, 1.2183e+06, 1185, 759889], [932956, 1.48306e+06, 1053, 855261], [932185, 1.28851e+06, 1158, 784810], [932542, 1.3876e+06, 1092, 823253], [933092, 1.38496e+06, 1098, 821908], [934022, 1.37908e+06, 1107, 821563], [934572, 1.37644e+06, 1113, 820218], [934080, 1.24131e+06, 1167, 771954], [933956, 1.4862e+06, 1047, 856570], [932329, 1.3946e+06, 1092, 825332], [935404, 1.28498e+06, 1149, 786028], [935560, 1.2328e+06, 1182, 770264], [936309, 1.3813e+06, 1059, 821080], [931302, 1.37864e+06, 1134, 819611], [936859, 1.37866e+06, 1065, 819735], [937184, 1.32807e+06, 1071, 805269], [937323, 1.23498e+06, 1161, 769523], [937551, 1.33310e+06, 1059, 806924], [938185, 1.23713e+06, 1158, 771053], [937734, 1.32543e+06, 1077, 803924], [938101, 1.33047e+06, 1065, 805579], [938803, 1.22646e+06, 1176, 767833], [938664, 1.31955e+06, 1086, 803579], [937309, 1.38444e+06, 1053, 822389], [937441, 1.42852e+06, 1047, 838675], [939665, 1.22862e+06, 1173, 769364], [936793, 1.23652e+06, 1152, 771800], [939214, 1.31692e+06, 1092, 802234], [938303, 1.43068e+06, 1044, 840205], [942378, 1.22382e+06, 1158, 769210], [940427, 1.32173e+06, 1065, 802838], [941907, 1.31322e+06, 1080, 801148], [940977, 1.31909e+06, 1071, 801493], [941289, 1.32389e+06, 1062, 804369], [940794, 1.32677e+06, 1053, 804493], [940898, 1.23234e+06, 1143, 770900], [941344, 1.32413e+06, 1059, 803148], [938984, 1.47777e+06, 1029, 858209], [944641, 1.30118e+06, 1071, 797959], [941656, 1.32893e+06, 1050, 806024], [945317, 1.30699e+06, 1053, 800808], [942337, 1.37602e+06, 1035, 824027], [945867, 1.30435e+06, 1059, 799463], [944860, 1.42608e+06, 1023, 843762], [946797, 1.29848e+06, 1068, 799118], [947347, 1.29584e+06, 1074, 797773], [944317, 1.24089e+06, 1140, 774153], [946969, 1.32121e+06, 1032, 807506], [948139, 1.40319e+06, 1026, 837864], [947884, 1.29485e+06, 1065, 795528], [948560, 1.30066e+06, 1047, 798377], [948434, 1.29221e+06, 1071, 794183], [949110, 1.29802e+06, 1053, 797032], [949422, 1.30281e+06, 1044, 799908], [949364, 1.28634e+06, 1080, 793839], [948213, 1.32433e+06, 1029, 809581], [945410, 1.42344e+06, 1029, 842417], [950040, 1.29215e+06, 1062, 796687], [950590, 1.28951e+06, 1068, 795342], [950672, 1.28058e+06, 1056, 795621], [951382, 1.39685e+06, 1020, 835434], [945300, 1.25352e+06, 1137, 780403], [952042, 1.2988e+06, 1038, 802338], [949914, 1.2837e+06, 1086, 792494], [952152, 1.27206e+06, 1071, 793931], [950776, 1.28585e+06, 1083, 794024], [949797, 1.28609e+06, 1074, 798013], [951742, 1.50079e+06, 1011, 875846], [948909, 1.2784e+06, 1077, 796362], [950388, 1.32976e+06, 1029, 810759], [949459, 1.27576e+06, 1083, 795017], [952244, 1.39901e+06, 1017, 836964], [951452, 1.27974e+06, 1092, 792828], [948719, 1.26207e+06, 1134, 783657], [949874, 1.21628e+06, 1176, 768617], [954735, 1.2951e+06, 1026, 801252], [954985, 1.49446e+06, 1005, 873553], [955535, 1.49182e+06, 1011, 872208], [955285, 1.29246e+06, 1032, 799907], [950996, 1.2744e+06, 1104, 791732], [956215, 1.28659e+06, 1041, 799563], [956765, 1.28395e+06, 1047, 798218], [957191, 1.38983e+06, 1014, 837998], [958404, 1.50301e+06, 1002, 876806], [959774, 1.2629e+06, 1131, 789676], [955597, 1.29726e+06, 1023, 802783], [959016, 1.30580e+06, 1020, 806036], [955508, 1.28503e+06, 1050, 799298], [962224, 1.60459e+06, 996, 916001], [958053, 1.39199e+06, 1011, 839528], [957077, 1.28874e+06, 1038, 801093], [963271, 1.26006e+06, 1122, 791271], [963821, 1.25743e+06, 1128, 789926], [956988, 1.27652e+06, 1065, 797608], [957850, 1.27868e+06, 1062, 799139], [959901, 1.52255e+06, 999, 883565], [961472, 1.40054e+06, 1008, 842782], [961455, 1.36569e+06, 1017, 831399], [966856, 1.54979e+06, 993, 899479], [963254, 1.4208e+06, 1005, 849384], [964133, 1.26222e+06, 1119, 792801], [964001, 1.25458e+06, 1116, 793169], [964551, 1.25194e+06, 1122, 791824], [963320, 1.5311e+06, 996, 886819], [965481, 1.24607e+06, 1131, 791479], [964874, 1.37424e+06, 1014, 834652], [966031, 1.24343e+06, 1137, 790134], [970275, 1.55834e+06, 990, 902733], [966673, 1.42935e+06, 1002, 852637], [969732, 1.25447e+06, 1101, 793315], [964905, 1.26454e+06, 1083, 795080], [970282, 1.25183e+06, 1107, 791970], [970594, 1.25663e+06, 1098, 794846], [969544, 1.2606e+06, 1101, 797111], [971212, 1.24596e+06, 1116, 791625], [975989, 1.58066e+06, 987, 914480], [971588, 1.48883e+06, 999, 874763], [971762, 1.24332e+06, 1122, 790280], [972074, 1.24811e+06, 1113, 793156], [979408, 1.58921e+06, 984, 917733], [976666, 1.70659e+06, 975, 945622], [982679, 1.19377e+06, 1200, 772628], [983384, 1.19581e+06, 1197, 773293], [984246, 1.19797e+06, 1194, 774824], [984827, 1.24059e+06, 1125, 794305], [987665, 1.20652e+06, 1191, 778077]],