{"map": "FLA", "merge strategy": "RANDOM", "eps": 0.01, "data": [{"source": 232180, "target": 910685, "front":[[5.55237e+06, 5.52108e+06, 3.85037e+06, 1517], [5.68098e+06, 5.54061e+06, 3.90717e+06, 1513], [5.79615e+06, 5.54019e+06, 3.94313e+06, 1510]], "d-score": [8.72562e+06, 8.84522e+06, 8.93517e+06], "norm front": [[0, 0, 0, 1], [0.527557, 1, 0.612306, 0.428571], [1, 0.978296, 1, 0]], "norm d-score": [1, 1.35533, 1.71961], "sparsity": 1.7345e+10, "time": 599}]}