{"map": "FLA", "merge strategy": "MORE_SLACK", "eps": 0.01, "data": [{"source": 232180, "target": 910685, "front":[[5.53846e+06, 5.52171e+06, 3.84501e+06, 1511], [6.13932e+06, 5.58514e+06, 4.08124e+06, 1496]], "d-score": [8.71482e+06, 9.24887e+06], "norm front": [[0, 0, 0, 1], [1, 1, 1, 0]], "norm d-score": [1, 1.73205], "sparsity": 4.20856e+11, "time": 217}]}