{"map": "BAY", "merge strategy": "RANDOM", "eps": 0.1, "data": [{"source": 200128, "target": 37658, "front":[[881381, 1.15487e+06, 1284, 716796], [902333, 1.12077e+06, 1299, 709805], [957342, 1.33312e+06, 1119, 812976], [955862, 1.34164e+06, 1104, 814666], [951757, 1.34582e+06, 1113, 815566], [959281, 1.35019e+06, 1101, 817919], [952013, 1.37001e+06, 1107, 821662], [945902, 1.30274e+06, 1230, 792465], [939054, 1.27623e+06, 1242, 782480], [945901, 1.36516e+06, 1122, 819494], [961933, 1.40306e+06, 1098, 841202], [965352, 1.41161e+06, 1095, 844455], [934949, 1.28041e+06, 1251, 783380], [953237, 1.3373e+06, 1128, 813876], [940534, 1.26772e+06, 1257, 780790], [959678, 1.43223e+06, 1089, 850568], [942473, 1.28478e+06, 1239, 785733], [942483, 1.2942e+06, 1233, 789212], [947397, 1.3873e+06, 1128, 825347], [954331, 1.48461e+06, 1098, 865624], [957750, 1.49316e+06, 1095, 868877], [956301, 1.52417e+06, 1083, 881493], [950624, 1.35031e+06, 1131, 815374], [968329, 1.31349e+06, 1167, 810683], [959720, 1.53272e+06, 1080, 884746], [961344, 1.33402e+06, 1179, 815443], [969809, 1.30498e+06, 1182, 808994], [962824, 1.3255e+06, 1194, 813754], [963374, 1.32286e+06, 1200, 812408], [967789, 1.30492e+06, 1218, 806249], [964929, 1.5623e+06, 1077, 894872], [970477, 1.67644e+06, 987, 935432]], "d-score": [1.61999e+06, 1.60442e+06, 1.83157e+06, 1.83775e+06, 1.83908e+06, 1.84722e+06, 1.85967e+06, 1.7944e+06, 1.76716e+06, 1.85201e+06, 1.89777e+06, 1.90726e+06, 1.76841e+06, 1.83288e+06, 1.76107e+06, 1.92243e+06, 1.7766e+06, 1.78496e+06, 1.87173e+06, 1.96574e+06, 1.97529e+06, 2.00366e+06, 1.8417e+06, 1.82212e+06, 2.01322e+06, 1.83541e+06, 1.81603e+06, 1.82926e+06, 1.82704e+06, 1.81369e+06, 2.04271e+06, 2.15112e+06], "norm front": [[0, 0.0613775, 0.951923, 0.0309837], [0.235162, 0, 1, 0], [0.852575, 0.38216, 0.423077, 0.457262], [0.835963, 0.397478, 0.375, 0.464751], [0.78989, 0.404999, 0.403846, 0.468741], [0.874338, 0.412863, 0.365385, 0.47917], [0.792763, 0.448535, 0.384615, 0.495759], [0.724174, 0.327488, 0.778846, 0.366358], [0.647313, 0.279778, 0.817308, 0.322101], [0.724163, 0.439801, 0.432692, 0.486153], [0.904103, 0.508017, 0.355769, 0.582363], [0.942478, 0.523402, 0.346154, 0.596782], [0.601239, 0.287299, 0.846154, 0.326091], [0.806501, 0.38968, 0.451923, 0.461252], [0.663924, 0.26446, 0.865385, 0.314612], [0.878794, 0.560515, 0.326923, 0.623874], [0.685687, 0.295163, 0.807692, 0.33652], [0.6858, 0.312103, 0.788462, 0.351939], [0.740954, 0.479654, 0.451923, 0.512093], [0.81878, 0.654772, 0.355769, 0.690602], [0.857154, 0.670157, 0.346154, 0.705021], [0.840891, 0.725966, 0.307692, 0.760937], [0.777173, 0.413084, 0.461538, 0.46789], [0.975891, 0.346823, 0.576923, 0.447102], [0.879265, 0.741351, 0.298077, 0.775356], [0.897493, 0.383761, 0.615385, 0.468198], [0.992502, 0.331504, 0.625, 0.439613], [0.914104, 0.368443, 0.663462, 0.460709], [0.920277, 0.363696, 0.682692, 0.454748], [0.96983, 0.331411, 0.740385, 0.427449], [0.93773, 0.79458, 0.288462, 0.820236], [1, 1, 0, 1]], "norm d-score": [0.954403, 1.02728, 1.12295, 1.10156, 1.08202, 1.13931, 1.10606, 1.17154, 1.12651, 1.06837, 1.24145, 1.27992, 1.12532, 1.10421, 1.16559, 1.258, 1.15017, 1.14598, 1.11604, 1.30485, 1.3419, 1.38124, 1.09844, 1.26704, 1.41871, 1.24526, 1.2957, 1.27427, 1.28532, 1.33465, 1.50555, 1.73205], "sparsity": 1.35318e+09, "time": 20581}]}