{"map": "BAY", "merge strategy": "MORE_SLACK", "eps": 0.1, "data": [{"source": 200128, "target": 37658, "front":[[886646, 1.08924e+06, 1233, 696523], [962111, 1.33049e+06, 1074, 813984], [949005, 1.33124e+06, 1113, 811711], [950944, 1.34831e+06, 1095, 816654], [954509, 1.30249e+06, 1116, 802598], [982303, 1.3648e+06, 1044, 837720]], "d-score": [1.56771e+06, 1.8326e+06, 1.82529e+06, 1.84096e+06, 1.80326e+06, 1.87867e+06], "norm front": [[0, 0, 1, 0], [0.788912, 0.875472, 0.15873, 0.831893], [0.651902, 0.878219, 0.365079, 0.815794], [0.672172, 0.940131, 0.269841, 0.850802], [0.709441, 0.773871, 0.380952, 0.751253], [1, 1, 0, 1]], "norm d-score": [1, 1.45123, 1.41246, 1.46025, 1.34599, 1.73205], "sparsity": 1.25973e+10, "time": 4096}]}