{"map": "BAY", "merge strategy": "RANDOM", "eps": 0.5, "data": [{"source": 200128, "target": 37658, "front":[[868224, 1.48612e+06, 1575, 829899], [947858, 1.59115e+06, 1257, 894749]], "d-score": [1.91079e+06, 2.05688e+06], "norm front": [[0, 0, 1, 0], [1, 1, 0, 1]], "norm d-score": [1, 1.73205], "sparsity": 2.15775e+10, "time": 534}]}